location,Geneva,Geneva,Geneva,Geneva,Geneva,Geneva,Geneva,Geneva,Geneva,Geneva,Geneva,Geneva,Geneva,Geneva,Geneva,Geneva,Geneva,Geneva,Geneva,Geneva,Geneva,Geneva,Geneva,Geneva,Geneva,Geneva,Geneva,Geneva,Geneva,Geneva,Geneva,Geneva,Geneva,Geneva,Geneva,Geneva,Geneva
lat,45.99986,45.99986,45.99986,45.99986,45.99986,45.99986,45.99986,45.99986,45.99986,45.99986,45.99986,45.99986,45.99986,45.99986,45.99986,45.99986,45.99986,45.99986,45.99986,45.99986,45.99986,45.99986,45.99986,45.99986,45.99986,45.99986,45.99986,45.99986,45.99986,45.99986,45.99986,45.99986,45.99986,45.99986,45.99986,45.99986,45.99986
lon,5.62500,5.62500,5.62500,5.62500,5.62500,5.62500,5.62500,5.62500,5.62500,5.62500,5.62500,5.62500,5.62500,5.62500,5.62500,5.62500,5.62500,5.62500,5.62500,5.62500,5.62500,5.62500,5.62500,5.62500,5.62500,5.62500,5.62500,5.62500,5.62500,5.62500,5.62500,5.62500,5.62500,5.62500,5.62500,5.62500,5.62500
asl,505.395,505.395,505.395,505.395,505.395,505.395,505.395,505.395,505.395,505.395,505.395,505.395,505.395,505.395,505.395,505.395,505.395,505.395,505.395,505.395,505.395,505.395,505.395,505.395,505.395,505.395,505.395,505.395,505.395,505.395,505.395,505.395,505.395,505.395,505.395,505.395,505.395
variable,Temperature,Relative Humidity,Mean Sea Level Pressure,Precipitation Total,Snowfall Amount,Cloud Cover Total,Cloud Cover High,Cloud Cover Medium,Cloud Cover Low,Sunshine Duration,Shortwave Radiation,Direct Shortwave Radiation,Diffuse Shortwave Radiation,Evapotranspiration,FAO Reference Evapotranspiration,CAPE,Wind Gust,Wind Speed,Wind Direction,Wind Speed,Wind Direction,Wind Speed,Wind Direction,Wind Speed,Wind Direction,Wind Speed,Wind Direction,Wind Speed,Wind Direction,Geopotential Height,Temperature,Temperature,Temperature,Temperature,Soil Temperature,Soil Moisture,Vapor Pressure Deficit
unit,°C,%,hPa,mm,cm,%,%,%,%,min,W/m²,W/m²,W/m²,mm,mm,J/kg,km/h,km/h,°,km/h,°,km/h,°,km/h,°,km/h,°,km/h,°,Gpm,°C,°C,°C,°C,°C,fraction,hPa
level,2 m elevation corrected,2 m,MSL,sfc,sfc,sfc,high cld lay,mid cld lay,low cld lay,sfc,sfc,sfc,sfc,sfc,2 m,180-0 mb above gnd,sfc,10 m,10 m,80 m,80 m,900 mb,900 mb,850 mb,850 mb,700 mb,700 mb,500 mb,500 mb,1000 mb,1000 mb,850 mb,700 mb,sfc,0-10 cm down,0-10 cm down,2 m
resolution,hourly,hourly,hourly,hourly,hourly,hourly,hourly,hourly,hourly,hourly,hourly,hourly,hourly,hourly,hourly,hourly,hourly,hourly,hourly,hourly,hourly,hourly,hourly,hourly,hourly,hourly,hourly,hourly,hourly,hourly,hourly,hourly,hourly,hourly,hourly,hourly,hourly
aggregation,None,None,None,None,None,None,None,None,None,None,None,None,None,None,None,None,None,None,None,None,None,None,None,None,None,None,None,None,None,None,None,None,None,None,None,None,None
timestamp,Geneva Temperature [2 m elevation corrected],Geneva Relative Humidity [2 m],Geneva Mean Sea Level Pressure [MSL],Geneva Precipitation Total,Geneva Snowfall Amount,Geneva Cloud Cover Total,Geneva Cloud Cover High [high cld lay],Geneva Cloud Cover Medium [mid cld lay],Geneva Cloud Cover Low [low cld lay],Geneva Sunshine Duration,Geneva Shortwave Radiation,Geneva Direct Shortwave Radiation,Geneva Diffuse Shortwave Radiation,Geneva Evapotranspiration,Geneva FAO Reference Evapotranspiration [2 m],Geneva CAPE [180-0 mb above gnd],Geneva Wind Gust,Geneva Wind Speed [10 m],Geneva Wind Direction [10 m],Geneva Wind Speed [80 m],Geneva Wind Direction [80 m],Geneva Wind Speed [900 mb],Geneva Wind Direction [900 mb],Geneva Wind Speed [850 mb],Geneva Wind Direction [850 mb],Geneva Wind Speed [700 mb],Geneva Wind Direction [700 mb],Geneva Wind Speed [500 mb],Geneva Wind Direction [500 mb],Geneva Geopotential Height [1000 mb],Geneva Temperature [1000 mb],Geneva Temperature [850 mb],Geneva Temperature [700 mb],Geneva Temperature,Geneva Soil Temperature [0-10 cm down],Geneva Soil Moisture [0-10 cm down],Geneva Vapor Pressure Deficit [2 m]
20200525T0000,8.085071,90.0,1030.0,0.0,0.0,0.0,0.0,0.0,0.0,0.0,0.0,0.0,0.0,0.0,0.0,0.0,21.599998,7.911676,44.999985,25.460936,56.534615,26.178707,58.495735,27.288855,53.58361,16.954432,356.34778,49.32394,326.30994,244.0,14.9,6.6,1.61,5.27,13.540009,0.28,1.029768
20200525T0100,6.59507,92.0,1030.1,0.0,0.0,0.6,2.0,0.0,0.0,0.0,0.0,0.0,0.0,0.0,0.0,0.0,18.0,7.4066863,52.305756,21.578989,62.152412,21.120682,60.37625,26.496098,53.28579,15.484185,358.6678,48.128376,326.9043,242.0,14.06,7.06,1.65,3.97,12.860016,0.28,0.74353313
20200525T0200,5.52507,93.0,1030.3,0.0,0.0,2.4,8.0,0.0,0.0,0.0,0.0,0.0,0.0,0.0,0.0,0.0,15.4800005,7.463956,55.1755,19.319628,63.43495,18.39878,59.42076,27.0,53.130096,14.404499,358.56793,48.43037,327.13684,242.0,13.26,7.26,1.64,2.99,12.190002,0.28,0.60394573
20200525T0300,4.73507,92.0,1030.4,0.0,0.0,2.7,9.0,0.0,0.0,0.0,0.0,0.0,0.0,0.0,0.0,0.0,12.959999,7.1730394,58.671295,17.399586,65.55604,17.595861,59.237274,27.579382,54.027603,13.722565,355.48602,48.774357,328.8912,242.0,12.57,7.34,1.67,2.05,11.490021,0.279,0.6530638
20200525T0400,4.20507,92.0,1030.5,0.0,0.0,11.0,5.0,0.0,11.0,0.0,0.0,0.0,0.0,0.0,0.0,0.0,11.159999,7.1482625,63.43495,16.267857,65.1363,17.287498,58.626984,27.757378,56.103836,14.113653,354.14398,49.43024,332.68848,242.0,11.93,7.42,1.76,1.13,10.809998,0.279,0.62913656
20200525T0500,3.8850703,90.0,1030.7,0.0,0.0,21.0,3.0,0.0,21.0,0.0,0.0,0.0,0.0,0.0,0.0,0.0,9.72,6.6812778,66.501434,14.48972,63.43495,15.1884165,58.570435,26.674032,58.24051,14.113653,354.14398,49.281883,334.93256,243.0,11.28,7.61,1.89,0.25,10.089996,0.279,0.7688365
20200525T0600,3.5450702,90.0,1030.7,0.0,0.0,29.0,12.0,0.0,29.0,4.921099,0.0,0.0,0.0,0.0,0.0,0.0,9.0,6.6812778,66.501434,14.021525,60.802513,13.479583,55.885513,24.881702,58.60972,15.158522,355.91437,48.689247,336.46765,243.0,10.76,7.88,2.02,-0.2,9.429993,0.279,0.7505331
20200525T0700,5.82507,86.0,1030.4,0.0,0.0,26.0,22.0,0.0,26.0,43.404255,72.09,38.09846,33.991535,0.0144,0.0,0.0,7.92,6.080693,61.18921,13.397612,59.300278,13.104198,52.815292,24.766848,57.464928,16.56,360.0,47.739037,339.2417,243.0,10.5,8.19,2.11,6.7,9.050018,0.279,1.2334328
20200525T0800,10.46507,78.0,1029.2,0.0,0.0,4.5,15.0,0.0,0.0,57.12766,233.18,130.28592,102.894066,0.0792,0.08199122,0.0,8.64,6.027944,44.999985,11.983188,57.26477,13.276144,49.398697,25.068514,54.940567,18.391735,3.3664398,46.10952,340.85773,240.0,10.98,8.49,2.2,12.67,9.140015,0.279,2.6619024
20200525T0900,13.58507,70.0,1028.8,0.0,0.0,0.90000004,3.0,0.0,0.0,59.425533,396.05,233.38109,162.6689,0.16848,0.18140496,0.0,9.72,8.424308,34.69516,12.475961,46.16913,11.457958,43.726974,26.208397,52.815292,19.602652,7.386017,44.631287,340.68817,240.0,13.36,8.83,2.34,17.09,9.589996,0.278,4.463834
20200525T1000,15.64507,65.0,1028.6,0.0,0.0,0.3,1.0,0.0,0.0,59.808514,549.13,339.2968,209.8332,0.26784,0.2777954,0.0,14.759999,9.460013,32.347427,13.513193,41.7603,12.287555,31.827438,26.712873,52.6668,20.06334,9.293304,43.952446,340.37775,239.0,15.21,8.98,2.48,19.95,10.220001,0.278,5.9532614
20200525T1100,17.21507,59.0,1028.4,0.0,0.0,0.3,1.0,0.0,0.0,59.808514,685.3,440.3834,244.9166,0.37728,0.36837,0.0,16.919998,10.84415,27.824081,15.277749,34.43898,15.807239,30.068573,25.488914,53.615646,20.192118,11.309921,43.493004,340.6652,238.0,16.59,8.77,2.57,21.9,10.990021,0.277,7.711214
20200525T1200,18.54507,56.0,1027.9,0.0,0.0,0.0,0.0,0.0,0.0,60.0,792.1,524.2024,267.8976,0.47088,0.4421811,0.0,16.56,11.913771,26.565033,16.676977,32.660904,18.043148,28.610443,21.897945,46.3322,20.780453,14.03624,43.14747,342.01855,234.0,17.84,8.28,2.66,23.54,11.77002,0.276,9.002331
20200525T1300,19.78507,53.0,1027.2,0.0,0.0,0.0,0.0,0.0,0.0,60.0,862.41,581.34894,281.06104,0.54432,0.49845904,0.0,16.919998,12.867423,27.09555,18.171976,33.690063,20.140705,28.855652,20.12461,26.565033,20.620806,16.220184,42.3792,343.72034,229.0,19.1,7.82,2.77,24.71,12.619995,0.275,10.3932
20200525T1400,21.45507,53.0,1026.5,0.0,0.0,0.0,0.0,0.0,0.0,60.0,883.76996,599.82086,283.9491,0.59328,0.53296816,0.0,17.28,13.463086,27.072067,20.883102,35.882126,23.86341,33.92978,24.696104,30.677277,21.566975,14.500168,48.786304,348.93884,223.0,20.87,8.3,2.49,25.81,13.839996,0.27,11.526395
20200525T1500,22.19507,53.0,1026.3,0.0,0.0,0.0,0.0,0.0,0.0,60.0,864.19,583.5897,280.60028,0.60336,0.5311649,0.0,18.72,14.661684,24.702423,23.565569,34.418365,26.064596,32.59256,27.169865,32.005356,20.620806,16.220184,47.17236,349.8907,222.0,21.74,9.24,2.61,25.76,14.630005,0.269,12.062152
20200525T1600,22.51507,51.0,1026.2,0.0,0.0,0.0,0.0,0.0,0.0,60.0,801.0,531.959,269.04102,0.58464,0.503762,0.0,19.8,15.852478,24.842377,26.959166,34.114456,28.555965,33.690063,29.59235,36.59108,19.734436,14.796753,46.283455,351.05054,221.0,22.26,9.75,2.76,25.12,15.279999,0.269,12.823879
20200525T1700,22.44507,52.0,1026.2,0.0,0.0,0.0,0.0,0.0,0.0,60.0,698.64996,451.27124,247.37871,0.52848,0.4458484,0.0,21.24,16.917973,26.16156,29.964457,35.217575,31.557032,34.777817,32.47591,35.980667,20.431387,14.281097,45.680298,353.21106,221.0,22.48,10.02,2.91,23.93,15.850006,0.268,12.508599
20200525T1800,21.95507,53.0,1025.6,0.0,0.0,0.0,0.0,0.0,0.0,60.0,567.82,353.15305,214.66696,0.44496,0.36936533,0.0,22.319998,17.414085,29.309998,32.61727,37.375793,34.921856,37.46054,35.141975,37.926453,21.566975,14.500168,45.1739,354.97095,216.0,22.34,9.99,3.06,22.39,16.25,0.267,11.886058
20200525T1900,21.01507,55.0,1025.8,0.0,0.0,0.0,0.0,0.0,0.0,60.0,412.96,245.22926,167.73073,0.33696,0.2763921,0.0,22.68,17.087023,30.963745,33.233284,39.726105,37.290855,40.301315,37.290855,40.301315,23.143827,15.333282,44.8153,354.9306,217.0,21.9,9.67,3.23,20.29,16.5,0.267,10.740448
20200525T2000,19.40507,61.0,1025.6,0.0,0.0,0.0,0.0,0.0,0.0,60.0,248.31,139.92233,108.38767,0.20448,0.16808657,0.0,21.96,15.168433,30.618591,32.44996,40.049713,38.96823,43.12825,37.67465,44.999985,24.1388,17.35402,44.965427,353.10257,215.0,20.99,9.35,3.31,17.74,16.580017,0.267,8.421876
20200525T2100,15.71507,73.0,1026.4,0.0,0.0,0.0,0.0,0.0,0.0,60.0,88.11,46.963528,41.146473,0.0648,0.057246294,0.0,20.16,12.395474,28.217346,31.712708,39.472458,41.003666,46.778793,34.07091,51.434723,25.40743,20.746078,44.751637,351.67438,220.0,19.73,9.35,3.34,12.69,16.399994,0.267,4.6132526
20200525T2200,11.90507,87.0,1027.3,0.0,0.0,0.0,0.0,0.0,0.0,16.033333,0.89,0.22341192,0.66658807,0.0,0.0,0.0,20.16,11.239428,31.42955,32.138947,41.36705,39.246605,52.07891,30.466295,54.619713,26.729847,25.529694,44.50625,350.69006,225.0,18.39,9.75,3.32,9.22,15.890015,0.267,1.7315836
20200525T2300,9.68507,92.0,1028.0,0.0,0.0,0.0,0.0,0.0,0.0,0.0,0.0,0.0,0.0,0.0,0.0,0.0,19.44,10.283178,36.57303,29.52878,44.999985,26.562046,57.171448,27.871534,54.46232,28.357855,28.842651,43.85651,350.0738,228.0,16.72,10.18,3.32,7.42,15.26001,0.267,0.91844845
20200526T0000,7.93507,94.0,1028.3,0.0,0.0,0.0,0.0,0.0,0.0,0.0,0.0,0.0,0.0,0.0,0.0,0.0,17.64,9.232211,43.830856,26.42753,52.193466,19.803272,62.96913,26.178707,58.495735,29.07989,31.32869,43.34974,348.50342,228.0,15.13,10.4,3.34,5.62,14.600006,0.267,0.6115494
20200526T0100,6.80507,93.0,1028.6,0.0,0.0,0.0,0.0,0.0,0.0,0.0,0.0,0.0,0.0,0.0,0.0,0.0,15.4800005,8.322602,50.194427,22.782625,58.570435,15.042659,68.962494,23.507753,62.65013,30.190672,30.846588,44.09375,346.30414,229.0,13.87,10.51,3.37,4.15,13.850006,0.267,0.6601095
20200526T0200,6.16507,92.0,1028.8,0.0,0.0,1.0,0.0,0.0,1.0,0.0,0.0,0.0,0.0,0.0,0.0,0.0,11.159999,7.90719,57.380745,20.140705,65.72555,12.144331,78.023865,20.991426,67.83366,30.500309,30.499832,45.057564,345.18655,230.0,13.01,10.54,3.39,2.82,13.100006,0.267,0.7216873
20200526T0300,5.64507,92.0,1028.8,0.0,0.0,19.0,0.0,0.0,19.0,0.0,0.0,0.0,0.0,0.0,0.0,0.0,9.0,7.5066204,62.52556,17.76081,72.29957,9.422101,83.41805,19.130875,70.20111,31.614477,30.068573,46.889915,345.3236,230.0,12.4,10.55,3.41,1.69,12.300018,0.267,0.69602966
20200526T0400,5.14507,91.0,1028.9,0.0,0.0,16.0,0.0,0.0,16.0,0.0,0.0,0.0,0.0,0.0,0.0,0.0,8.28,7.276183,66.250496,17.298738,77.98852,8.707238,82.874985,18.11841,69.04422,32.417995,29.981628,48.896427,346.37302,230.0,11.88,10.49,3.37,1.14,11.540009,0.267,0.7561374
20200526T0500,4.72507,91.0,1029.1,0.0,0.0,24.0,0.0,0.0,24.0,0.0,0.0,0.0,0.0,0.0,0.0,0.0,7.5599995,7.276183,66.250496,17.106628,81.52885,8.4042845,80.134186,18.35647,64.440025,33.58628,30.963745,50.137028,347.56046,232.0,11.46,10.46,3.26,0.63,10.779999,0.267,0.7341809
20200526T0600,4.3850703,90.0,1029.4,0.0,0.0,32.0,0.0,0.0,32.0,5.2216315,0.0,0.0,0.0,0.0,0.0,0.0,7.5599995,7.276183,66.250496,17.518356,80.537674,9.6932955,74.9315,20.497883,59.381393,34.349354,33.023865,50.975285,349.0075,234.0,11.05,10.45,3.12,0.17,10.080017,0.267,0.79647017
20200526T0700,6.36507,88.0,1029.5,0.0,0.0,34.0,0.0,0.0,34.0,38.297874,67.64,35.76155,31.878448,0.01152,0.0,0.0,7.5599995,6.4433565,60.25511,18.59845,75.42578,11.770403,66.571304,23.269482,55.08059,35.844864,33.53047,51.49007,350.34012,237.0,10.69,10.5,2.97,7.1,9.679993,0.267,1.0976658
20200526T0800,10.68507,81.0,1028.7,0.0,0.0,19.0,0.0,0.0,19.0,47.872337,227.84,127.374,100.465996,0.0792,0.07887259,0.0,9.0,7.53493,44.999985,17.782688,68.62937,15.1884165,58.570435,26.87491,50.98059,37.641953,33.690063,51.72988,351.1932,237.0,10.93,10.56,2.87,12.76,9.730011,0.267,2.333084
20200526T0900,13.31507,77.0,1028.0,0.0,0.0,20.0,0.0,0.0,20.0,47.234047,396.94,234.01678,162.92322,0.16416,0.17407334,0.0,9.72,8.795236,35.134186,18.089775,58.84069,17.49615,53.365883,29.914679,50.370987,39.439312,33.835114,50.911686,351.8699,233.0,13.07,10.6,2.85,17.04,10.119995,0.267,3.3622408
20200526T1000,15.2050705,70.0,1028.1,0.0,0.0,18.0,0.0,0.0,18.0,48.51064,556.25,343.83612,212.4139,0.24768,0.2712812,0.0,15.84,10.375929,29.19748,19.914215,49.398697,19.453327,38.990982,32.409996,49.053543,40.438755,34.114456,49.74387,352.51495,235.0,14.68,10.6,2.93,19.84,10.690002,0.267,4.9599504
20200526T1100,17.03507,63.0,1027.9,0.0,0.0,16.0,0.0,0.0,16.0,49.787235,693.31,445.69092,247.6191,0.35424,0.3636092,0.0,19.44,12.038215,24.863693,21.915691,42.336975,23.904108,37.042465,32.682762,49.467163,40.552364,35.24202,47.82583,353.51694,234.0,16.37,10.34,3.0,22.05,11.429993,0.266,6.8795977
20200526T1200,18.69507,56.0,1027.4,0.0,0.0,2.0,0.0,0.0,2.0,58.723404,797.44,527.91156,269.52844,0.45648,0.44416615,0.0,23.759998,13.3625555,23.49855,23.4,36.86989,25.661207,34.13594,30.30208,46.444107,39.38505,36.450912,44.965427,353.10257,230.0,18.03,9.74,3.07,23.6,12.170013,0.266,9.087703
20200526T1300,20.24507,50.0,1026.9,0.0,0.0,0.0,0.0,0.0,0.0,60.0,870.42,586.93866,283.48132,0.54864,0.51161325,0.0,24.48,14.066324,24.623566,23.688984,36.347458,27.169865,32.005356,26.758923,33.476273,38.01709,37.30394,42.821846,352.7555,226.0,19.6,9.02,3.1,24.89,13.0,0.265,11.377852
20200526T1400,22.22507,48.0,1025.8,0.0,0.0,0.3,1.0,0.0,0.0,59.808514,895.33997,607.8771,287.4629,0.62064,0.55614096,0.0,23.4,14.774998,25.640991,23.688984,36.347458,26.959166,34.114456,26.242987,26.91655,37.669487,38.40326,40.5907,353.3792,217.0,21.77,9.22,2.89,26.11,14.309998,0.264,13.369883
20200526T1500,23.04507,45.0,1026.1,0.0,0.0,3.3000002,11.0,0.0,0.0,57.89362,864.19,583.802,280.38797,0.63792,0.55688775,0.0,23.759998,14.584031,9.462311,22.427162,18.725784,26.525429,18.189041,33.24498,17.650116,40.10406,36.972763,39.119267,353.65985,220.0,22.74,10.25,2.67,25.99,14.86,0.262,14.8667
20200526T1600,23.31507,43.0,1026.3,0.0,0.0,3.9,13.0,0.0,0.0,57.510635,800.11,531.58563,268.52435,0.62064,0.5292602,0.0,25.56,15.959562,14.500168,24.490585,24.304535,28.36471,23.962494,32.76,22.619858,39.047966,34.862183,40.54118,350.28674,223.0,23.26,10.78,2.46,25.17,15.31,0.261,15.662167
20200526T1700,23.17507,43.0,1025.8,0.0,0.0,0.0,0.0,0.0,0.0,60.0,698.64996,451.4842,247.16579,0.56448,0.474292,0.0,27.359999,17.808994,21.960556,30.566095,32.005356,34.458603,32.195724,36.25291,32.42755,37.745102,32.93222,43.85651,350.0738,218.0,23.44,11.01,2.29,23.98,15.69,0.26,15.529555
20200526T1800,22.76507,45.0,1025.7,0.0,0.0,0.0,0.0,0.0,0.0,60.0,574.05,357.22372,216.82626,0.48384,0.39870065,0.0,27.72,18.109322,26.18811,33.56312,35.39479,38.16679,35.78897,39.09606,36.764374,36.17955,31.159302,46.640495,354.68546,216.0,23.4,11.08,2.23,22.59,15.95,0.26,14.615389
20200526T1900,21.83507,50.0,1025.9,0.0,0.0,0.0,0.0,0.0,0.0,60.0,417.41,248.03021,169.37979,0.36288,0.29607245,0.0,26.64,17.395739,27.349869,34.488674,36.511047,40.762745,38.18564,41.77396,38.35135,34.966362,28.940002,49.68,360.0,218.0,22.97,10.89,2.32,20.7,16.26,0.26,12.551977
20200526T2000,20.12507,59.0,1026.1,0.0,0.0,0.0,0.0,0.0,0.0,60.0,251.87,142.0332,109.836784,0.21744,0.17762357,0.0,24.84,15.372918,27.897263,34.131718,37.715973,43.619465,41.319366,44.339962,42.367554,34.45484,26.029587,52.019684,4.7636414,220.0,21.95,10.73,2.34,18.23,16.39,0.26,9.260492
20200526T2100,16.405071,73.0,1026.6,0.0,0.0,0.0,0.0,0.0,0.0,60.0,90.78,48.42744,42.35256,0.06624,0.060194507,0.0,23.039999,12.630843,27.645966,33.565056,38.46785,45.572357,45.96016,43.421432,49.70784,34.94968,24.981216,52.74461,8.240707,222.0,20.68,10.92,2.31,13.27,16.26,0.26,4.8222322
20200526T2200,12.64507,87.0,1027.2,0.0,0.0,0.0,0.0,0.0,0.0,17.05,1.78,1.3555368,0.42446315,0.0,0.0,0.0,20.16,11.102841,30.256424,33.971867,40.272003,44.203835,49.95543,39.6752,53.857956,34.776817,27.09555,52.035877,10.765747,226.0,19.39,11.38,2.26,9.81,15.81,0.26,1.8184557
20200526T2300,10.34507,91.0,1027.9,0.0,0.0,0.3,1.0,0.0,0.0,0.0,0.0,0.0,0.0,0.0,0.0,0.0,17.64,9.697106,37.184692,30.54701,44.999985,33.772907,54.10733,34.247337,56.142876,33.58628,30.963745,50.137028,12.439545,228.0,17.81,11.82,2.26,7.72,15.23,0.26,1.080224
20200527T0000,8.81507,93.0,1027.8,0.0,0.0,5.1000004,17.0,0.0,0.0,0.0,0.0,0.0,0.0,0.0,0.0,0.0,18.0,8.665169,44.999985,25.63847,51.842773,20.26899,56.592163,30.376833,58.570435,32.47591,35.980667,49.1634,13.120407,226.0,16.34,11.97,2.32,6.02,14.6,0.26,0.75763226
20200527T0100,7.78507,92.0,1028.0,0.0,0.0,5.1000004,17.0,0.0,0.0,0.0,0.0,0.0,0.0,0.0,0.0,0.0,14.04,7.835059,54.68878,20.991426,59.036232,12.7279215,61.2602,25.630886,60.55458,31.205997,39.3824,48.6533,12.390854,226.0,15.2,11.91,2.42,4.25,13.87,0.26,0.80706024
20200527T0200,7.12507,91.0,1028.2,0.0,0.0,2.4,8.0,0.0,0.0,0.0,0.0,0.0,0.0,0.0,0.0,0.0,10.799999,7.2713056,61.557068,17.399586,65.55604,8.891344,68.62937,20.929594,63.43495,30.378967,40.674927,48.079884,11.225784,227.0,14.3,11.73,2.52,2.75,13.12,0.26,0.8676672
20200527T0300,7.29507,89.0,1028.8,0.0,0.0,1.2,4.0,0.0,1.0,0.0,0.0,0.0,0.0,0.0,0.0,0.0,8.28,6.027944,44.999985,16.055355,42.27368,19.881649,42.06433,29.784426,44.5103,30.993471,30.735489,45.275635,9.612106,233.0,13.59,11.35,2.49,2.29,12.52,0.261,1.0729733
20200527T0400,7.29507,91.0,1029.1,0.0,0.0,8.0,0.0,0.0,8.0,0.0,0.0,0.0,0.0,0.0,0.0,0.0,7.2,5.9150395,54.16234,14.512064,46.00508,14.05845,39.805573,24.442913,46.19348,32.10667,30.302658,43.225487,7.6576996,236.0,13.2,11.05,2.44,1.9,11.97,0.261,0.8778868
20200527T0500,7.22507,95.0,1029.2,0.0,0.0,6.0,1.0,0.0,6.0,0.0,0.0,0.0,0.0,0.0,0.0,0.0,5.3999996,5.4919763,67.166336,12.88981,54.09027,10.44,43.602814,19.174856,50.332153,32.55363,32.811356,42.24443,4.398697,237.0,12.89,10.87,2.42,1.35,11.42,0.261,0.48536968
20200527T0600,7.00507,100.0,1029.2,0.0,0.0,22.0,2.0,0.0,22.0,6.651064,0.0,0.0,0.0,0.0,0.0,0.0,4.68,5.2339296,75.25644,11.119281,60.945396,8.435069,50.194427,13.896187,53.426956,32.651028,34.2157,43.597176,2.3662262,237.0,12.5,10.71,2.45,0.81,10.9,0.261,0.0
20200527T0700,8.40507,91.0,1028.9,0.0,0.0,23.0,0.0,0.0,23.0,45.31915,75.65,40.021786,35.628216,0.00576,0.0,0.0,3.2399998,4.3935814,75.96376,9.339208,62.447174,7.289445,57.094757,9.693296,58.671295,32.399998,36.86989,45.451336,3.6329498,236.0,11.97,10.44,2.5,9.03,10.55,0.262,0.9472723
20200527T0800,11.94507,80.0,1028.9,0.0,0.0,6.0,0.0,0.0,6.0,56.170216,228.73,127.93952,100.790474,0.06336,0.08120588,0.0,1.8,2.2916594,54.46232,7.5942082,58.570435,6.297428,59.036255,6.439876,63.43495,31.542658,38.047028,45.281357,6.3904877,240.0,12.23,10.13,2.54,14.34,10.64,0.262,2.6710558
20200527T0900,14.36507,72.0,1029.0,0.0,0.0,0.6,2.0,0.0,0.0,59.61702,400.5,236.22118,164.27882,0.1656,0.1899067,0.0,2.16,2.1477854,7.125,4.5820518,44.999985,5.8048253,60.25511,3.8773184,68.19859,30.421598,39.71875,43.79589,9.462311,243.0,14.15,9.73,2.54,18.2,11.05,0.261,4.3838434
20200527T1000,16.10507,68.0,1029.5,0.0,0.0,0.6,2.0,0.0,0.0,59.61702,555.36,343.41724,211.94273,0.26784,0.29423222,0.0,3.6,2.2761226,339.44397,2.2768397,18.434952,5.634891,63.43495,3.2399998,89.99999,29.03752,42.990448,41.66368,12.475098,247.0,15.64,9.37,2.48,20.97,11.62,0.261,5.6063633
20200527T1100,17.54507,64.0,1028.9,0.0,0.0,0.0,0.0,0.0,0.0,60.0,691.52997,444.6969,246.83308,0.36576,0.38879657,0.0,4.68,3.0374274,322.12503,2.2768397,341.56506,3.319036,12.528809,2.5959969,123.69006,26.987997,43.919083,40.25888,12.917801,241.0,16.94,8.93,2.32,23.32,12.33,0.261,6.9142942
20200527T1200,18.75507,61.0,1028.5,0.0,0.0,0.0,0.0,0.0,0.0,60.0,798.33,528.66644,269.66357,0.4536,0.46709692,0.0,5.04,3.4115846,321.3402,2.8116899,320.19443,3.0758414,339.44397,3.096837,144.46231,25.96995,43.876694,40.25888,12.917801,239.0,18.07,8.58,2.13,25.0,13.1,0.26,8.085471
20200527T1300,19.80507,59.0,1028.2,0.0,0.0,0.6,2.0,0.0,0.0,59.61702,861.51996,581.11615,280.4038,0.51696,0.5201652,0.0,5.3999996,3.207881,311.63354,2.7416782,293.1986,3.0547013,315.0,3.8939953,326.30994,23.950148,42.56334,39.828434,12.528793,235.0,19.09,8.28,1.97,25.93,13.92,0.26,9.077725
20200527T1400,20.61507,57.0,1028.4,0.0,0.0,0.3,1.0,0.0,0.0,59.808514,875.76,594.7743,280.9857,0.54864,0.5401493,0.0,3.6,3.2518265,304.99203,3.6,270.0,3.4152596,288.43497,3.9763298,354.8056,23.277834,39.35173,39.9908,13.535843,238.0,19.96,8.14,1.84,26.51,14.68,0.259,10.012213
20200527T1500,21.46507,54.0,1028.5,0.0,0.0,16.0,0.0,0.0,16.0,49.787235,853.51,576.78955,276.72043,0.56592,0.5304089,3.0,5.7599998,5.7384315,338.1986,5.8603754,349.38034,8.28,360.0,12.599999,360.0,27.288855,36.41638,42.814278,19.653809,238.0,20.92,8.36,1.75,26.48,15.2,0.258,11.288094
20200527T1600,21.97507,51.0,1028.3,0.0,0.0,55.0,0.0,0.0,55.0,24.893618,786.76,522.9239,263.83612,0.55008,0.49546596,4.0,7.92,6.487264,340.82098,6.6185193,337.61987,8.473393,347.73523,10.464798,356.0548,25.277023,35.72737,40.998924,20.026093,237.0,21.6,9.06,1.72,26.03,15.63,0.257,12.407043
20200527T1700,22.14507,50.0,1028.1,0.0,0.0,32.0,0.0,0.0,32.0,39.57447,667.5,433.17682,234.32318,0.4968,0.4252675,10.0,9.72,6.5903726,345.96375,6.379216,343.61047,7.9932976,352.23483,10.08,360.0,23.565569,34.418365,38.72302,20.119629,235.0,22.08,9.61,1.62,24.74,16.0,0.257,12.79283
20200527T1800,22.11507,50.0,1027.5,0.0,0.0,10.0,0.0,0.0,10.0,53.61702,547.35,340.79138,206.55861,0.41616,0.34990478,11.0,11.879999,6.9723544,353.41806,6.924738,351.02737,8.647496,357.61407,10.805999,1.9091492,23.4,30.510223,37.11319,18.083435,231.0,22.38,9.98,1.5,23.22,16.25,0.257,12.769331
20200527T1900,21.68507,52.0,1027.3,0.0,0.0,10.0,0.0,0.0,10.0,53.61702,396.94,236.01407,160.92593,0.30816,0.25323454,22.0,11.5199995,6.9263997,360.0,7.2,360.0,9.3669195,2.202591,11.304229,9.1623535,25.11758,27.29956,36.061146,14.452423,229.0,22.38,10.1,1.42,21.26,16.57,0.256,11.939375
20200527T2000,20.79507,63.0,1027.6,0.0,0.0,0.0,0.0,0.0,0.0,60.0,241.19,136.10883,105.08117,0.17136,0.14086384,24.0,9.72,5.0615997,360.0,7.208994,2.8624115,10.829959,15.422165,12.7279215,28.739777,27.691935,26.231918,35.936943,10.972229,232.0,22.13,10.13,1.54,19.28,16.71,0.256,8.711743
20200527T2100,18.60507,65.0,1028.0,0.0,0.0,0.0,0.0,0.0,0.0,60.0,91.67,48.94247,42.727528,0.02304,0.047449093,10.0,12.24,4.7952,360.0,7.6367526,8.130096,12.594856,30.963745,14.529915,41.987213,29.62518,25.942291,35.9946,8.049042,235.0,21.65,10.19,1.75,11.27,16.56,0.256,7.188053
20200527T2200,16.63507,73.0,1028.1,0.0,0.0,0.0,0.0,0.0,0.0,18.05,1.78,1.1521668,0.62783307,0.0,0.0,0.0,13.679999,4.802594,19.440033,10.00256,30.256424,13.513193,48.239685,14.05845,50.194427,30.589407,26.565033,36.258274,6.8427734,236.0,20.84,10.19,1.91,8.59,15.98,0.257,4.893717
20200527T2300,15.01507,80.0,1028.1,0.0,0.0,0.0,0.0,0.0,0.0,0.0,0.0,0.0,0.0,0.0,0.0012173556,0.0,12.599999,4.9121733,49.398697,11.885453,54.86579,11.440979,65.854454,11.592894,53.841812,30.599998,28.07248,35.821354,5.7678833,235.0,19.87,10.15,2.06,7.41,15.34,0.257,3.266243
20200528T0000,13.54507,86.0,1028.1,0.0,0.0,0.0,0.0,0.0,0.0,0.0,0.0,0.0,0.0,0.0,0.0,0.0,8.28,5.1450386,68.7495,10.661107,78.31063,8.759178,80.537674,9.0,53.130096,29.96662,28.720322,35.78697,5.194412,235.0,18.87,10.09,2.19,6.4,14.7,0.257,2.077674
20200528T0100,12.33507,90.0,1028.2,0.0,0.0,0.0,0.0,0.0,0.0,0.0,0.0,0.0,0.0,0.0,0.0,0.0,5.3999996,5.3876066,81.46923,8.311245,94.96974,5.771239,93.576324,6.618519,44.999985,28.673721,28.495636,35.705395,3.468216,234.0,17.88,10.02,2.25,5.64,14.03,0.257,1.370471
20200528T0200,11.36507,93.0,1028.3,0.0,0.0,0.0,0.0,0.0,0.0,0.0,0.0,0.0,0.0,0.0,0.0,0.0,3.96,5.600739,87.27369,7.172949,107.52557,4.452954,104.03624,5.495161,31.607498,27.055143,25.201126,35.66908,2.3137207,234.0,16.92,9.89,2.25,5.05,13.4,0.257,0.8995085
20200528T0300,10.73507,91.0,1028.6,0.0,0.0,0.0,0.0,0.0,0.0,0.0,0.0,0.0,0.0,0.0,0.0,0.0,3.6,4.0313635,82.40536,7.289444,69.77513,11.212135,42.39743,17.238699,28.705948,28.712116,30.101303,28.19285,5.128189,236.0,15.87,9.84,2.2,4.46,12.86,0.257,1.1088514
20200528T0400,10.21507,90.0,1028.4,0.0,0.0,0.0,0.0,0.0,0.0,0.0,0.0,0.0,0.0,0.0,0.0,0.0,2.8799999,3.4631999,89.99999,5.0911684,81.869896,7.491114,35.217575,16.45007,23.198593,28.99062,24.973907,28.521906,4.343231,234.0,15.11,9.82,2.11,3.67,12.34,0.257,1.1898098
20200528T0500,9.75507,88.0,1028.1,0.0,0.0,3.0,0.0,0.0,3.0,0.0,0.0,0.0,0.0,0.0,0.0,0.0,2.16,3.996,89.99999,4.73506,81.25384,8.049845,26.565033,17.447933,21.801407,29.49804,23.749481,30.293522,3.406433,232.0,14.5,9.79,1.95,3.14,11.76,0.257,1.384202
20200528T0600,9.36507,89.0,1028.2,0.0,0.0,17.0,0.0,0.0,17.0,7.7136526,0.0,0.0,0.0,0.0,0.0,0.0,1.4399999,3.7296,89.99999,4.3349743,85.23635,9.178235,25.559967,17.727943,23.962479,29.354902,23.106308,33.481937,359.38394,232.0,13.98,9.74,1.76,2.37,11.22,0.258,1.2358351
20200528T0700,10.44507,86.0,1027.8,0.0,0.0,27.0,0.0,0.0,27.0,42.765953,67.64,35.805603,31.834398,0.00864,0.0,0.0,1.4399999,2.9304,89.99999,3.96,89.99999,9.659814,26.565033,17.388409,27.09555,28.948118,21.139816,37.938602,355.1009,229.0,13.51,9.54,1.56,10.99,10.94,0.258,1.6916666
20200528T0800,13.60507,79.0,1027.7,0.0,0.0,14.0,0.0,0.0,14.0,51.06383,225.17,126.01131,99.15869,0.07344,0.082615755,0.0,2.16,0.79920006,89.99999,2.9024127,97.125015,9.693296,31.32869,17.10284,30.343246,28.460497,18.434952,42.615547,351.25385,232.0,13.82,9.39,1.41,15.81,11.12,0.258,3.1287804
20200528T0900,15.65507,73.0,1027.3,0.0,0.0,17.0,0.0,0.0,17.0,49.148937,389.82,230.01851,159.8015,0.17424,0.19051668,0.0,4.32,1.6848617,341.56506,1.2979984,33.690063,10.00256,30.256424,17.287498,31.373001,28.467329,13.157547,47.247856,347.23444,229.0,15.56,9.32,1.32,19.31,11.57,0.258,4.5954638
20200528T1000,17.33507,70.0,1026.5,0.0,0.0,7.0,0.0,0.0,7.0,55.531918,546.45996,338.03497,208.42497,0.27648,0.2956194,0.0,5.7599998,3.3697233,341.56506,3.6,360.0,8.225035,23.198593,17.57744,34.99202,27.887802,11.164871,49.986877,348.3664,222.0,17.04,9.25,1.28,22.07,12.16,0.258,5.685569
20200528T1100,18.91507,67.0,1025.7,0.0,0.0,0.0,0.0,0.0,0.0,60.0,682.63,439.11298,243.51701,0.37584,0.3884323,0.0,11.5199995,5.5625954,343.30075,6.87779,353.991,8.28,360.0,17.782686,31.759476,27.343414,9.090271,51.04643,353.92755,215.0,18.49,9.16,1.2,24.41,12.91,0.257,6.910675
20200528T1200,20.26507,65.0,1025.1,0.0,0.0,10.0,0.0,0.0,10.0,53.61702,780.52997,517.03174,263.49823,0.4608,0.45904866,44.0,13.32,7.3150935,349.50854,9.422101,353.41806,11.5199995,360.0,17.076298,18.434952,27.112564,10.713104,51.12,360.0,211.0,19.79,8.99,1.11,25.76,13.69,0.257,7.9743786
20200528T1300,21.49507,61.0,1024.7,0.0,0.0,10.0,0.0,0.0,10.0,53.61702,812.57,561.90985,250.66014,0.51408,0.49476117,146.0,15.4800005,9.061517,358.3153,11.885453,1.7356873,14.154915,7.3057404,16.563911,1.2453613,26.6327,13.284866,50.805935,2.4366455,207.0,21.03,9.11,1.0,26.47,14.49,0.256,9.588019
20200528T1400,22.27507,55.0,1023.4,0.0,0.0,10.0,0.0,0.0,10.0,53.61702,744.93,558.12244,186.80759,0.51408,0.47595924,143.0,17.64,10.738927,7.125,14.685176,11.309921,17.114204,14.620865,19.93048,16.798355,26.654589,16.476883,50.43213,2.045395,196.0,21.96,9.5,0.78,26.54,15.18,0.256,11.605531
20200528T1500,22.94507,51.0,1023.0,0.0,0.0,21.0,0.0,0.0,21.0,46.595745,579.39,368.05334,211.33665,0.44496,0.40402567,118.0,19.08,11.458298,1.3322144,16.09969,10.30484,18.861387,13.240509,21.41319,16.60698,27.438046,19.148132,47.521362,0.4340515,193.0,22.72,10.3,0.35,23.14,15.46,0.254,13.164573
20200528T1600,22.72507,50.0,1022.6,0.0,0.0,12.0,0.0,0.0,12.0,52.340427,518.87,318.50812,200.36188,0.42768,0.3714397,78.0,19.44,12.326578,6.20343,17.811815,14.03624,19.586117,17.102722,21.746502,19.334808,25.842384,18.687347,46.8,360.0,189.0,23.21,10.87,0.12,23.73,15.76,0.254,13.25437
20200528T1700,23.25507,46.0,1021.7,0.0,0.0,10.0,0.0,0.0,10.0,53.61702,594.52,418.00137,176.51865,0.4824,0.4142489,44.0,20.519999,13.061753,11.76828,18.792551,20.170639,20.991426,22.166351,23.210928,23.782028,25.161398,19.212677,46.445576,359.1118,182.0,23.67,11.29,0.09,24.43,16.17,0.252,14.783899
20200528T1800,23.06507,46.0,1021.4,0.0,0.0,10.0,0.0,0.0,10.0,53.61702,534.0,332.65332,201.3467,0.4464,0.3722234,34.0,20.880001,13.397034,17.354004,20.774214,27.897263,24.826954,29.538757,26.486313,31.097305,24.023088,19.249527,46.46232,358.22394,180.0,23.86,11.58,0.0,23.13,16.53,0.252,14.614156
20200528T1900,22.35507,49.0,1021.4,0.0,0.0,10.0,0.0,0.0,10.0,53.61702,390.71,232.4515,158.25848,0.34128,0.28077263,31.0,19.44,13.407623,20.955765,24.079666,31.551376,28.555965,33.690063,30.173496,35.776062,23.83896,14.875671,47.90165,358.27734,180.0,23.68,11.52,0.03,21.31,16.82,0.252,13.217492
20200528T2000,20.84507,58.0,1021.5,0.0,0.0,0.0,0.0,0.0,0.0,60.0,240.3,135.70215,104.597855,0.20736,0.16921371,79.0,20.519999,11.724627,21.317917,24.766848,32.535065,32.61727,37.375793,33.39473,41.9413,25.346148,11.469543,48.60533,359.15125,180.0,23.1,11.5,0.1,19.0,16.94,0.252,9.919637
20200528T2100,16.88507,74.0,1021.4,0.0,0.0,0.0,0.0,0.0,0.0,60.0,93.45,49.93284,43.51716,0.0576,0.05538085,43.0,18.72,10.042255,21.801407,27.959743,34.508514,35.9153,42.96907,33.933697,48.871246,27.887802,11.164871,49.32131,359.5818,179.0,22.12,11.38,0.18,13.16,16.8,0.252,4.788286
20200528T2200,13.7050705,83.0,1021.7,0.0,0.0,0.0,0.0,0.0,0.0,19.033333,1.78,0.9856844,0.7943156,0.0,0.0007707163,0.0,18.72,9.549612,30.141388,31.319998,43.602814,35.572662,54.05787,29.257614,55.52777,29.620802,16.23233,48.981174,358.3153,180.0,20.86,11.22,0.36,10.18,16.33,0.252,2.549449
20200528T2300,11.39507,88.0,1021.3,0.0,0.0,0.0,0.0,0.0,0.0,0.0,0.0,0.0,0.0,0.0,0.0016793368,0.0,20.16,8.87156,41.347763,28.082308,53.864624,29.308508,62.175903,24.162947,56.546677,31.018547,21.801407,49.09217,355.79465,176.0,19.55,11.24,0.62,8.23,15.75,0.252,1.5450993
20200529T0000,9.83507,90.0,1022.0,0.0,0.0,0.0,0.0,0.0,0.0,0.0,0.0,0.0,0.0,0.0,0.0,0.0,15.119999,8.154626,51.632507,22.870626,61.821404,17.25373,66.64443,21.175837,54.68878,30.911821,26.266617,48.940144,353.2409,179.0,18.32,11.27,0.75,6.48,15.11,0.252,1.1597424
20200529T0100,8.625071,90.0,1021.9,0.0,0.0,0.0,0.0,0.0,0.0,0.0,0.0,0.0,0.0,0.0,0.0,0.0,11.879999,7.90719,57.380745,19.191748,66.8014,13.237039,67.61986,18.875126,55.097496,30.599998,28.07248,48.72251,351.92978,177.0,17.07,11.07,0.75,4.9,14.38,0.252,1.068429
20200529T0200,7.68507,90.0,1021.7,0.0,0.0,0.0,0.0,0.0,0.0,0.0,0.0,0.0,0.0,0.0,0.0,0.0,10.440001,7.6331854,60.751175,18.532133,65.92449,11.770403,66.571304,17.49615,53.365883,31.072817,26.861908,48.316505,352.29254,175.0,15.9,10.77,0.71,3.74,13.65,0.252,1.0019312
20200529T0300,7.79507,90.0,1021.7,0.0,0.0,1.0,0.0,0.0,1.0,0.0,0.0,0.0,0.0,0.0,0.0,0.0,9.0,6.2191706,46.735703,16.548256,44.11859,21.203358,40.179214,33.059288,38.367477,31.786186,13.091873,50.72041,350.60455,175.0,14.82,10.34,0.69,3.0,13.09,0.254,1.0095158
20200529T0400,7.82507,93.0,1021.5,0.0,0.0,7.0,0.0,0.0,7.0,0.0,0.0,0.0,0.0,0.0,0.0,0.0,7.92,6.1329885,55.61966,15.281989,46.909134,16.641972,38.853363,27.534704,41.82016,32.83705,15.255127,46.317047,354.2008,174.0,14.21,9.99,0.64,2.61,12.6,0.254,0.7081175
20200529T0500,7.53507,97.0,1021.2,0.0,0.0,5.0,0.0,0.0,5.0,0.0,0.0,0.0,0.0,0.0,0.0,0.0,7.92,6.354631,56.976128,16.563911,47.642548,16.135872,38.659805,24.703974,43.228516,34.56187,22.02304,40.326424,1.0230255,171.0,13.77,9.71,0.58,2.29,12.09,0.254,0.2974987
20200529T0600,7.60507,96.0,1021.1,0.0,0.0,28.0,0.0,0.0,28.0,7.09149,0.0,0.0,0.0,0.0,0.0,0.0,8.28,6.3154216,62.354027,16.870138,50.194427,15.30741,41.18593,21.892027,44.999985,34.62369,27.897263,36.161636,9.743637,171.0,12.99,9.39,0.5,4.77,11.71,0.254,0.39857674
20200529T0700,8.74507,92.0,1020.9,0.0,0.0,22.0,0.0,0.0,22.0,45.95745,69.42,36.768635,32.651363,0.00288,0.0,0.0,7.5599995,5.2542295,59.534447,16.489416,53.88066,13.237038,44.999985,17.826363,46.636566,34.458603,32.195724,36.544876,18.970398,170.0,11.79,9.09,0.42,9.56,11.45,0.255,0.8617525
20200529T0800,12.03507,82.0,1020.2,0.0,0.0,3.0,0.0,0.0,3.0,58.085106,231.4,129.5588,101.841194,0.0648,0.08347034,0.0,7.2,5.089565,42.87889,13.479583,55.885513,12.261157,49.76364,15.7908325,46.847595,34.567497,35.67639,40.464382,23.600174,169.0,12.62,8.9,0.38,14.54,11.5,0.255,2.4183388
20200529T0900,14.59507,74.0,1019.7,0.0,0.0,0.0,0.0,0.0,0.0,60.0,398.72,235.36276,163.35724,0.15984,0.18688883,0.0,6.4799995,6.1963058,25.463333,11.966954,43.781113,11.592894,53.841812,14.512064,46.00508,34.802895,39.122604,46.996204,22.045914,167.0,14.83,8.77,0.39,18.43,11.84,0.254,4.1320333
20200529T1000,16.43507,68.0,1019.4,0.0,0.0,0.0,0.0,0.0,0.0,60.0,558.02997,345.30807,212.7219,0.26784,0.2899581,0.0,8.28,6.992683,17.74466,11.592894,36.158173,11.681987,33.690063,13.755579,47.121094,34.114628,44.144897,53.301884,20.148407,165.0,16.46,8.65,0.46,21.21,12.36,0.254,5.7262316
20200529T1100,17.90507,63.0,1018.3,0.0,0.0,0.0,0.0,0.0,0.0,60.0,697.76,448.97922,248.78079,0.37296,0.38393447,0.0,10.799999,7.947476,13.570435,11.609651,29.744873,12.4811535,33.231705,12.7279215,44.999985,32.647057,48.576324,56.355812,22.141235,155.0,17.82,8.42,0.59,23.41,13.02,0.254,7.27038
20200529T1200,19.13507,58.0,1017.7,0.0,0.0,0.0,0.0,0.0,0.0,60.0,804.56,533.09784,271.46216,0.46656,0.4596399,0.0,12.599999,9.304952,13.240509,12.7279215,28.739777,13.849477,27.897263,15.192682,13.706955,31.037344,52.066727,56.37191,28.20163,150.0,18.96,8.04,0.75,24.77,13.72,0.252,8.917654
20200529T1300,20.23507,54.0,1017.4,0.0,0.0,9.0,0.0,0.0,9.0,54.255318,872.2,588.65533,283.54468,0.53856,0.5146634,0.0,12.959999,10.0281105,16.99083,13.397612,30.699707,14.336861,28.495636,16.45007,23.198593,28.58545,53.70736,53.32376,34.548355,148.0,20.08,7.96,0.88,25.71,14.46,0.252,10.461109
20200529T1400,21.12507,51.0,1017.0,0.0,0.0,8.0,0.0,0.0,8.0,54.893616,892.67,606.62274,286.04724,0.58176,0.5412141,0.0,12.959999,10.290077,21.250488,13.779114,33.274887,14.8257065,29.05458,16.179987,32.275635,26.282465,53.914917,48.312485,37.126053,144.0,21.03,8.79,0.92,26.33,15.16,0.252,11.774858
20200529T1500,21.87507,44.0,1017.1,0.0,0.0,0.0,0.0,0.0,0.0,60.0,872.2,589.81134,282.38867,0.60912,0.546198,0.0,14.4,13.470992,24.53772,21.67487,32.106247,25.318008,29.845917,27.532352,27.235138,29.810522,42.552948,38.96158,54.400772,144.0,21.99,9.7,0.72,26.08,15.59,0.25,14.092752
20200529T1600,22.20507,40.0,1016.3,0.0,0.0,0.0,0.0,0.0,0.0,60.0,818.8,544.6323,274.16766,0.60336,0.5260461,0.0,14.4,12.988194,25.51387,20.767975,33.690063,24.079666,31.551376,26.434887,29.357742,25.72174,43.298645,39.02639,37.504135,138.0,22.57,10.34,0.43,25.25,15.94,0.25,15.407865
20200529T1700,22.18507,38.0,1016.1,0.0,0.0,0.0,0.0,0.0,0.0,60.0,716.45,463.60867,252.84134,0.55008,0.47000688,3.0,14.04,12.395474,28.217346,19.513195,37.504135,22.473343,35.217575,24.766848,32.535065,21.166653,41.552597,42.67177,27.645966,135.0,22.86,10.69,0.17,23.94,16.21,0.25,15.901991
20200529T1800,21.86507,39.0,1016.1,0.0,0.0,0.0,0.0,0.0,0.0,60.0,584.73,364.44077,220.28922,0.46656,0.38842294,0.0,13.679999,11.676103,27.149673,18.723461,37.97159,20.883102,35.882126,22.86496,33.43985,17.873556,34.330215,45.724247,26.16156,135.0,22.89,10.79,-0.11,22.33,16.35,0.25,15.341623
20200529T1900,21.18507,43.0,1016.2,0.0,0.0,0.0,0.0,0.0,0.0,60.0,426.31,253.78227,172.52773,0.34416,0.28422835,0.0,10.440001,10.484796,27.21611,17.654688,39.2072,19.734436,38.333344,21.175837,35.311203,16.746773,25.463333,48.305775,27.519882,137.0,22.64,10.65,-0.2,20.4,16.6,0.25,13.748155
20200529T2000,19.84507,59.0,1016.5,0.0,0.0,0.0,0.0,0.0,0.0,60.0,258.99,146.35715,112.63284,0.18576,0.15700756,0.0,9.36,7.9831147,25.709946,15.580141,40.314102,18.59845,42.646698,19.914215,40.601288,16.73516,18.824707,49.90904,26.565033,140.0,22.14,10.4,-0.19,18.32,16.68,0.25,9.100409
20200529T2100,17.44507,61.0,1016.9,0.0,0.0,0.0,0.0,0.0,0.0,60.0,97.9,52.351433,45.54857,0.02736,0.056028824,0.0,10.440001,6.1503215,17.650116,15.629971,38.45369,18.11841,49.028244,16.323528,48.576324,17.377226,13.172546,49.470863,21.336853,144.0,21.42,10.09,-0.19,9.97,16.45,0.25,7.4431105
20200529T2200,14.85507,72.0,1017.0,0.0,0.0,0.0,0.0,0.0,0.0,19.983334,2.67,2.444571,0.22542895,0.0,0.0015552847,0.0,12.24,6.080693,28.810776,16.563911,47.642548,17.238699,61.294044,8.699793,65.55604,17.727943,12.90741,48.155296,18.299484,144.0,20.35,9.8,-0.14,7.05,15.79,0.25,4.5255957
20200529T2300,12.83507,80.0,1017.3,0.0,0.0,0.0,0.0,0.0,0.0,0.0,0.0,0.0,0.0,0.0,0.0027422362,0.0,8.64,5.701209,52.594643,14.182355,66.037506,8.287822,92.48955,3.671294,168.69006,17.114204,14.620865,44.862988,17.271744,146.0,19.1,9.62,-0.04,5.79,15.07,0.25,2.8328867
20200530T0000,11.52507,86.0,1018.0,0.0,0.0,0.0,0.0,0.0,0.0,0.0,0.0,0.0,0.0,0.0,0.0,0.0,5.04,5.2339296,75.25644,10.440001,89.99999,6.0347,162.64597,9.983106,205.641,15.725037,15.945404,42.033756,16.417206,150.0,17.92,9.43,0.01,4.74,14.35,0.25,1.8182888
20200530T0100,10.22507,92.0,1018.3,0.0,0.0,0.0,0.0,0.0,0.0,0.0,0.0,0.0,0.0,0.0,0.0,0.0,3.2399998,5.328,89.99999,9.178235,115.55997,9.0,180.0,15.077082,213.31064,14.587776,15.751175,40.513992,14.406677,151.0,16.88,9.19,-0.03,4.18,13.61,0.25,0.952487
20200530T0200,9.28507,96.0,1018.8,0.0,0.0,0.0,0.0,0.0,0.0,0.0,0.0,0.0,0.0,0.0,0.0,0.0,3.6,5.3876066,98.53076,10.086427,124.82449,11.966953,186.91122,19.228851,218.15723,13.202726,11.00354,39.18712,10.587311,155.0,15.96,8.86,-0.15,3.74,12.94,0.25,0.44696712
20200530T0300,8.89507,95.0,1019.0,0.0,0.0,0.0,0.0,0.0,0.0,0.0,0.0,0.0,0.0,0.0,0.0,0.0,4.68,3.5741313,116.56505,5.506941,101.30993,1.0182338,135.0,9.007196,267.7094,16.93531,357.56335,40.694332,1.520752,156.0,14.83,8.35,-0.3,3.48,12.52,0.25,0.544117
20200530T0400,8.57507,92.0,1019.0,0.0,0.0,0.0,0.0,0.0,0.0,0.0,0.0,0.0,0.0,0.0,0.0,0.0,6.8399997,3.996,126.869896,6.1305785,130.23636,5.0911684,188.1301,12.758432,253.61046,17.015474,353.92755,40.345707,2.045395,156.0,14.05,7.86,-0.43,3.55,12.14,0.25,0.85183716
20200530T0500,8.335071,93.0,1019.3,0.0,0.0,4.0,0.0,0.0,4.0,0.0,0.0,0.0,0.0,0.0,0.0,0.0,6.8399997,4.3038235,111.80141,6.4096174,128.15723,6.379216,196.38954,13.896187,253.44293,17.771753,353.01892,40.345707,2.045395,158.0,13.33,7.43,-0.41,4.09,11.79,0.251,0.7332554
20200530T0600,7.80507,97.0,1019.2,0.0,0.0,0.0,0.0,0.0,0.0,10.766666,0.0,0.0,0.0,0.0,0.0,0.0,6.12,4.3935814,104.03624,6.6087217,119.35774,6.379216,196.38954,14.118243,250.641,17.771753,353.01892,39.614723,1.5622253,157.0,13.26,7.06,-0.54,2.51,11.33,0.252,0.30306244
20200530T0700,9.63507,88.0,1019.0,0.0,0.0,1.0,0.0,0.0,1.0,59.361702,70.31,37.2599,33.0501,0.00864,0.0,0.0,5.3999996,3.767465,98.1301,6.28713,103.24051,5.8603754,190.61966,12.979984,250.55997,17.731598,354.17365,39.97459,1.5481567,156.0,13.11,6.84,-0.65,10.36,11.03,0.252,1.3730288
20200530T0800,13.13507,78.0,1018.5,0.0,0.0,0.0,0.0,0.0,0.0,60.0,226.95,127.123566,99.82643,0.072,0.084294565,5.0,5.3999996,2.5272923,108.434944,5.4477882,97.59464,6.12,180.0,10.787993,244.29004,17.28,360.0,40.06365,4.122299,156.0,13.81,6.69,-0.75,15.4,11.17,0.252,3.178276
20200530T0900,15.26507,72.0,1018.3,0.0,0.0,0.0,0.0,0.0,0.0,60.0,391.6,231.2452,160.35481,0.1728,0.18966892,8.0,4.32,1.5533656,149.03624,4.1046314,127.874985,5.5887027,165.06857,9.0,233.1301,16.454008,10.080597,38.948273,8.504578,155.0,15.64,6.6,-0.77,19.09,11.59,0.25,4.6472683
20200530T1000,16.68507,70.0,1017.5,0.0,0.0,10.0,0.0,0.0,10.0,53.61702,535.77997,331.64404,204.13593,0.26784,0.2895424,31.0,3.96,1.5533656,210.96376,3.2599385,173.6598,3.319036,167.47119,8.161764,221.42366,15.379206,20.556046,36.7588,14.172333,147.0,16.9,6.63,-0.76,21.48,12.15,0.25,5.454853
20200530T1100,16.94507,68.0,1016.8,0.0,0.0,10.0,0.0,0.0,10.0,53.61702,574.05,403.1681,170.88191,0.31248,0.32405326,64.0,4.68,2.6772869,264.28943,3.319036,220.6013,3.319036,220.6013,5.8603754,222.51045,13.891522,31.218384,34.94968,18.621567,141.0,17.73,6.77,-0.85,24.47,12.79,0.25,5.9158955
20200530T1200,17.43507,64.0,1017.1,0.0,0.0,10.0,0.0,0.0,10.0,53.61702,386.25998,129.19443,257.06555,0.24336,0.23940448,38.0,4.32,2.9784424,280.30487,3.8773184,248.1986,3.7585104,253.30075,3.6179552,264.28943,13.104198,37.184692,33.709534,19.983109,143.0,18.09,6.76,-1.03,19.89,13.25,0.25,6.8661814
20200530T1300,18.88507,59.0,1016.5,0.0,0.0,10.0,0.0,0.0,10.0,53.61702,626.56,465.35913,161.20088,0.38304,0.38347295,72.0,3.2399998,2.742756,299.0546,3.0758414,249.44395,2.9024127,262.875,3.4152596,288.43497,11.988594,41.347763,32.571545,20.037216,137.0,18.86,6.78,-1.13,25.33,13.88,0.25,8.569851
20200530T1400,19.63507,57.0,1016.2,0.0,0.0,100.0,0.0,0.0,100.0,0.0,743.14996,558.4687,184.68126,0.47232,0.45685422,163.0,1.8,2.8815567,326.30994,2.2768397,251.56506,2.16,270.0,3.319036,310.60132,12.218805,44.999985,33.24498,17.650116,136.0,19.61,7.38,-1.07,26.0,14.56,0.25,9.420101
20200530T1500,19.45507,55.0,1016.2,0.0,0.0,77.0,0.0,0.0,77.0,10.851063,607.87,419.6476,188.22238,0.4176,0.3792915,182.0,3.2399998,4.4097047,334.98312,5.5887027,345.0686,5.2416787,344.0546,4.896529,342.89728,6.696387,36.25383,30.972555,19.698608,135.0,20.14,7.98,-1.4,26.85,14.97,0.249,9.747966
20200530T1600,20.20507,54.0,1015.7,0.0,0.0,26.0,0.0,21.0,26.0,43.404255,596.3,466.5183,129.78168,0.41904,0.3760491,216.0,3.96,4.824709,6.340164,6.151683,20.556046,6.28713,23.629364,6.28713,23.629364,8.39657,30.963745,32.343952,16.821411,131.0,20.61,8.4,-1.6,24.02,15.39,0.249,10.441623
20200530T1700,20.27507,52.0,1015.7,0.0,0.0,10.0,0.0,0.0,10.0,53.61702,483.27,348.89276,134.37724,0.34992,0.31224307,202.0,4.32,5.3611965,26.565033,7.386582,43.025055,7.8954163,43.15239,8.209263,37.87497,8.225035,23.198593,30.652895,12.893738,130.0,20.91,8.8,-1.55,22.79,15.75,0.249,10.943112
20200530T1800,20.46507,53.0,1014.9,0.0,0.0,10.0,0.0,0.0,10.0,53.61702,536.67,334.65247,202.0175,0.38016,0.32849023,245.0,5.3999996,5.9865956,32.275635,8.913181,46.636566,9.673221,44.999985,10.195057,42.137573,8.427383,19.983109,30.77105,6.0440826,124.0,21.27,9.2,-1.47,22.22,16.15,0.249,10.842244
20200530T1900,20.03507,54.0,1014.6,0.0,0.0,10.0,0.0,0.0,10.0,53.61702,391.6,233.25433,158.34567,0.28512,0.23894073,195.0,6.8399997,6.503653,34.99202,10.182337,44.999985,11.200571,44.999985,12.229406,42.614044,10.308831,12.094757,33.841915,359.3905,122.0,21.24,9.25,-1.51,20.21,16.4,0.249,10.331791
20200530T2000,19.34507,59.0,1014.7,0.0,0.0,10.0,0.0,0.0,10.0,53.61702,240.3,135.88608,104.413925,0.16992,0.14083473,137.0,6.4799995,5.701209,37.40535,9.957108,49.398697,11.480557,48.81407,12.984975,46.123276,10.8955765,7.594635,35.78697,354.8056,123.0,21.11,9.2,-1.57,18.06,16.48,0.249,8.820603
20200530T2100,18.04507,59.0,1014.8,0.0,0.0,10.0,0.0,0.0,10.0,53.61702,91.67,49.05723,42.612766,0.03168,0.051663134,89.0,6.8399997,4.6600966,30.963745,8.435069,50.194427,10.514218,51.95294,13.104198,52.815292,11.525623,1.7899017,37.731365,352.875,124.0,20.98,9.2,-1.54,10.93,16.31,0.249,8.128037
20200530T2200,16.38507,66.0,1015.2,0.0,0.0,12.0,0.0,0.0,12.0,18.246454,2.67,2.182023,0.4879771,0.0,0.0018229005,31.0,7.5599995,5.089565,42.87889,9.387651,57.5288,10.464797,63.43495,12.24,61.927513,12.599999,360.0,37.290855,353.90417,128.0,20.6,9.18,-1.42,7.79,15.72,0.249,6.0646744
20200530T2300,14.87507,72.0,1015.4,0.0,0.0,15.0,0.0,0.0,15.0,0.0,0.0,0.0,0.0,0.0,0.0047557214,6.0,5.7599998,4.5288,61.927513,8.654986,73.07248,8.049845,79.695145,9.227524,69.443954,13.75558,353.991,34.353127,354.58813,130.0,19.98,9.13,-1.29,6.88,15.07,0.249,4.531452
20200531T0000,13.69507,78.0,1015.5,0.0,0.0,0.0,0.0,0.0,0.0,0.0,0.0,0.0,0.0,0.0,0.0025257342,1.0,4.32,5.0545845,71.56504,6.849467,93.01279,5.506941,101.30993,5.0911684,81.869896,15.328561,350.5377,31.780067,355.45197,131.0,19.21,9.07,-1.16,6.21,14.44,0.249,3.2971296
20200531T0100,12.30507,84.0,1015.2,0.0,0.0,0.0,0.0,0.0,0.0,0.0,0.0,0.0,0.0,0.0,0.0,0.0,2.8799999,5.619714,84.55967,6.6087217,119.35774,4.6800003,157.38013,2.4149535,116.56505,16.454008,349.9194,30.676142,355.96228,129.0,18.38,9.0,-1.1,5.72,13.81,0.249,2.188406
20200531T0200,11.15507,88.0,1015.9,0.0,0.0,0.0,0.0,0.0,0.0,0.0,0.0,0.0,0.0,0.0,0.0,0.0,3.2399998,5.5943995,89.99999,7.2,126.869896,5.771239,176.42366,2.5455842,188.1301,16.454008,349.9194,30.317043,355.91437,133.0,17.55,8.9,-1.12,5.11,13.22,0.249,1.5205727
20200531T0300,9.9550705,89.0,1016.5,0.0,0.0,0.0,0.0,0.0,0.0,0.0,0.0,0.0,0.0,0.0,0.0,0.0,4.32,4.7952,89.99999,8.557102,67.75098,8.714677,51.70984,6.519877,6.340164,16.516901,343.53998,26.836306,353.06567,136.0,15.96,8.83,-1.26,4.29,12.69,0.249,1.2860813
20200531T0400,9.09507,90.0,1017.0,0.0,0.0,0.0,0.0,0.0,0.0,0.0,0.0,0.0,0.0,0.0,0.0,0.0,4.68,4.075136,101.30993,6.489992,86.82017,4.1046314,74.74488,4.829907,296.56506,15.978484,337.47943,27.153164,353.9115,140.0,14.84,8.75,-1.38,3.47,12.16,0.25,1.103116
20200531T0500,8.28507,91.0,1017.2,0.0,0.0,3.0,0.0,0.0,3.0,0.0,0.0,0.0,0.0,0.0,0.0,0.0,5.04,4.598777,100.00798,6.12,89.99999,2.8799999,89.99999,7.2805495,278.53076,15.463246,335.22485,26.67889,356.90594,139.0,14.06,8.67,-1.37,2.76,11.58,0.251,0.9395437
20200531T0600,7.60507,94.0,1016.9,0.0,0.0,0.0,0.0,0.0,0.0,11.383333,0.0,0.0,0.0,0.0,0.0,0.0,4.68,4.802594,93.179825,6.489992,86.82017,2.52,89.99999,7.9932976,277.76517,14.48972,333.43497,26.368616,355.30133,137.0,13.52,8.58,-1.44,2.08,11.0,0.252,0.5978651
20200531T0700,9.40507,86.0,1016.5,0.0,0.0,0.0,0.0,0.0,0.0,60.0,71.2,37.750565,33.449432,0.00864,0.0,0.0,4.68,3.996,89.99999,6.87779,83.99099,3.7585104,73.30075,6.638072,282.5288,13.202726,334.13367,27.153164,353.9115,135.0,13.43,8.4,-1.43,10.04,10.71,0.252,1.5771465
20200531T0800,13.10507,76.0,1016.2,0.0,0.0,0.0,0.0,0.0,0.0,60.0,228.73,128.17395,100.556046,0.07344,0.08506358,0.0,3.96,2.3976,89.99999,5.771239,86.42367,3.9763298,84.805565,5.4119864,273.8141,11.440979,335.85446,28.30983,352.69427,137.0,14.08,8.28,-1.23,15.27,10.85,0.252,3.4603844
20200531T0900,15.52507,68.0,1016.1,0.0,0.0,0.0,0.0,0.0,0.0,60.0,393.38,232.37662,161.00339,0.18144,0.19128397,0.0,1.8,0.79920006,89.99999,3.6179552,95.71059,3.6,89.99999,4.802999,257.00537,10.495713,337.83365,29.17777,350.7701,137.0,16.08,8.23,-0.93,19.08,11.3,0.252,5.40104
20200531T1000,17.20507,62.0,1015.9,0.0,0.0,0.0,0.0,0.0,0.0,60.0,551.8,341.66074,210.13925,0.29232,0.30140042,0.0,1.08,0.3767465,315.0,1.484318,104.03624,1.4399999,89.99999,4.8965297,233.97263,8.427383,340.0169,28.174456,349.69516,134.0,17.57,8.23,-0.68,21.82,11.89,0.25,7.142441
20200531T1100,18.60507,58.0,1015.4,0.0,0.0,0.0,0.0,0.0,0.0,60.0,689.75,444.06482,245.6852,0.396,0.39933315,0.0,2.8799999,2.1477854,299.74487,0.8049845,243.43495,1.08,270.0,5.8603754,227.48956,6.489992,340.55997,27.155552,345.41107,130.0,18.82,8.28,-0.55,24.06,12.63,0.25,8.625664
20200531T1200,19.59507,56.0,1014.8,0.0,0.0,10.0,0.0,0.0,10.0,53.61702,770.74,510.9486,259.79138,0.47232,0.46223912,9.0,4.32,2.8815567,303.69006,1.835647,258.69006,2.16,270.0,2.9024127,277.125,4.3498964,335.55603,25.842384,341.31265,125.0,19.78,8.44,-0.5,25.24,13.38,0.25,9.615099
20200531T1300,20.45507,53.0,1014.5,0.0,0.0,10.0,0.0,0.0,10.0,53.61702,819.69,565.0381,254.65193,0.52416,0.5038267,32.0,5.04,3.6234317,306.02737,2.52,270.0,2.8799999,270.0,4.1046314,285.25513,2.8116899,309.80557,24.675106,336.8014,122.0,20.62,8.57,-0.61,26.08,14.18,0.25,10.835525
20200531T1400,21.10507,51.0,1014.6,0.0,0.0,10.0,0.0,0.0,10.0,53.61702,840.16,586.4752,253.68478,0.5544,0.5257644,86.0,4.68,3.4115846,308.65982,2.7416782,246.8014,2.9024127,262.875,3.6,270.0,2.6208394,254.0546,23.675304,331.87628,123.0,21.29,9.07,-0.75,26.48,14.91,0.249,11.760371
20200531T1500,21.72507,49.0,1014.7,0.0,0.0,3.0,0.0,0.0,3.0,58.085106,846.39,575.7328,270.6572,0.576,0.5339335,105.0,4.68,4.161301,309.80557,2.5455842,278.1301,2.1897945,279.46234,2.4149535,296.56506,3.7064266,240.9454,15.315873,299.57785,123.0,21.94,9.68,-0.7,26.59,15.35,0.249,12.716838
20200531T1600,21.86507,47.0,1014.8,0.0,0.0,5.0,0.0,0.0,5.0,56.808514,768.07,519.5714,248.49863,0.54144,0.48667353,66.0,4.32,3.5840454,318.01282,1.835647,281.30994,1.609969,296.56506,1.8,323.13013,5.8603754,227.48956,15.141414,288.00415,124.0,22.3,10.12,-0.71,25.89,15.72,0.248,13.329607
20200531T1700,21.91507,47.0,1014.7,0.0,0.0,2.0,0.0,0.0,2.0,58.723404,646.14,432.64423,213.4958,0.47232,0.40919334,82.0,4.68,3.207881,318.36646,1.835647,258.69006,1.4399999,270.0,1.2979984,303.69006,8.161764,228.57634,15.328561,279.46234,122.0,22.57,10.42,-0.65,24.85,16.01,0.248,13.370616
20200531T1800,21.69507,48.0,1014.1,0.0,0.0,10.0,0.0,0.0,10.0,53.61702,564.26,352.0271,212.23293,0.41616,0.34632817,95.0,3.96,2.6237357,336.03754,1.08,270.0,0.35999998,270.0,0.8049845,26.565033,8.669949,228.36647,15.941944,276.4831,118.0,22.7,10.64,-0.47,23.18,16.27,0.248,12.942295
20200531T1900,21.37507,49.0,1014.1,0.0,0.0,0.0,0.0,0.0,0.0,60.0,418.3,249.29897,169.00102,0.3096,0.24719429,98.0,3.6,2.6772869,354.28943,0.0,180.0,0.5091169,44.999985,1.8,53.130096,8.0899935,237.72437,16.299694,276.34018,118.0,22.69,10.71,-0.27,21.46,16.6,0.247,12.445909
20200531T2000,20.65507,50.0,1014.6,0.0,0.0,10.0,0.0,0.0,10.0,53.61702,254.54,144.03262,110.50738,0.16992,0.13760269,87.0,3.2399998,2.3976,360.0,0.0,180.0,1.08,89.99999,2.9024127,82.874985,7.24486,243.43495,16.23596,273.8141,123.0,22.54,10.68,-0.09,22.94,16.77,0.247,11.671
20200531T2100,18.93507,59.0,1014.8,0.0,0.0,0.0,0.0,0.0,0.0,60.0,96.119995,51.476795,44.6432,0.03024,0.039408814,51.0,3.6,2.1477854,352.875,0.35999998,360.0,1.4399999,89.99999,5.0911684,98.1301,6.151683,249.44395,14.4,270.0,124.0,22.31,10.65,0.13,10.56,16.63,0.247,8.596788
20200531T2200,17.20507,66.0,1014.9,0.0,0.0,0.0,0.0,0.0,0.0,21.833334,2.67,1.9568968,0.71310323,0.0,0.0,0.0,3.96,1.9394212,15.945404,0.0,180.0,1.2979984,123.69006,4.8433046,131.98721,5.634891,243.43495,12.57426,256.7595,126.0,21.83,10.54,0.23,7.31,15.99,0.247,6.390605
20200531T2300,15.76507,72.0,1015.3,0.0,0.0,0.0,0.0,0.0,0.0,0.0,0.0,0.0,0.0,0.0,0.0,0.0,2.8799999,2.1312,89.99999,2.5455842,171.8699,4.0249224,190.30484,6.162207,173.29016,5.904439,232.43141,12.181624,235.8403,129.0,21.23,10.39,0.29,5.94,15.27,0.248,4.7995224